epoch,categorical_accuracy,loss,val_categorical_accuracy,val_loss
0,0.4994233250617981,213.868408203125,0.49996477365493774,nan
1,0.5005942583084106,212.5156707763672,0.49996477365493774,nan
2,0.49995157122612,212.51904296875,0.49996477365493774,nan
3,0.49849891662597656,212.51519775390625,0.49996477365493774,nan
4,0.5006119012832642,212.52906799316406,0.49996477365493774,nan
5,0.5012105703353882,212.50611877441406,0.49996477365493774,nan
6,0.5011577010154724,212.52011108398438,0.49996477365493774,nan
