epoch,categorical_accuracy,loss,lr,val_categorical_accuracy,val_loss
0,0.7616058588027954,0.49760422110557556,0.00032,0.8173686265945435,0.41113999485969543
1,0.8020689487457275,0.42925533652305603,0.00032,0.7432385087013245,0.4981897473335266
2,0.8128802180290222,0.4084988236427307,0.00032,0.8326525092124939,0.3701678216457367
3,0.820680558681488,0.3952377736568451,0.00032,0.8027186989784241,0.4280196726322174
