epoch,categorical_accuracy,loss,lr,val_categorical_accuracy,val_loss
0,0.7357609,0.5221213698639708,0.001,0.7378884,0.7622340427616895
1,0.78378356,0.44804638252504125,0.001,0.77708334,0.479687857585775
2,0.8011741,0.4175644400808434,0.001,0.83764124,0.3559990664154796
